<?xml version="1.0" encoding="UTF-8"?>
<root>
  <item name="androidx.webkit.SafeBrowsingResponseCompat void backToSafety(boolean)">
    <annotation name="android.support.annotation.RequiresFeature">
      <val name="name" val="&quot;SAFE_BROWSING_RESPONSE_BACK_TO_SAFETY&quot;" />
      <val name="enforcement" val="&quot;androidx.webkit.WebViewFeature#isFeatureSupported&quot;" />
    </annotation>
  </item>
  <item name="androidx.webkit.SafeBrowsingResponseCompat void proceed(boolean)">
    <annotation name="android.support.annotation.RequiresFeature">
      <val name="name" val="&quot;SAFE_BROWSING_RESPONSE_PROCEED&quot;" />
      <val name="enforcement" val="&quot;androidx.webkit.WebViewFeature#isFeatureSupported&quot;" />
    </annotation>
  </item>
  <item name="androidx.webkit.SafeBrowsingResponseCompat void showInterstitial(boolean)">
    <annotation name="android.support.annotation.RequiresFeature">
      <val name="name" val="&quot;SAFE_BROWSING_RESPONSE_SHOW_INTERSTITIAL&quot;" />
      <val name="enforcement" val="&quot;androidx.webkit.WebViewFeature#isFeatureSupported&quot;" />
    </annotation>
  </item>
  <item name="androidx.webkit.ServiceWorkerControllerCompat androidx.webkit.ServiceWorkerControllerCompat getInstance()">
    <annotation name="android.support.annotation.RequiresFeature">
      <val name="name" val="&quot;SERVICE_WORKER_BASIC_USAGE&quot;" />
      <val name="enforcement" val="&quot;androidx.webkit.WebViewFeature#isFeatureSupported&quot;" />
    </annotation>
  </item>
  <item name="androidx.webkit.ServiceWorkerWebSettingsCompat boolean getAllowContentAccess()">
    <annotation name="android.support.annotation.RequiresFeature">
      <val name="name" val="&quot;SERVICE_WORKER_CONTENT_ACCESS&quot;" />
      <val name="enforcement" val="&quot;androidx.webkit.WebViewFeature#isFeatureSupported&quot;" />
    </annotation>
  </item>
  <item name="androidx.webkit.ServiceWorkerWebSettingsCompat boolean getAllowFileAccess()">
    <annotation name="android.support.annotation.RequiresFeature">
      <val name="name" val="&quot;SERVICE_WORKER_FILE_ACCESS&quot;" />
      <val name="enforcement" val="&quot;androidx.webkit.WebViewFeature#isFeatureSupported&quot;" />
    </annotation>
  </item>
  <item name="androidx.webkit.ServiceWorkerWebSettingsCompat boolean getBlockNetworkLoads()">
    <annotation name="android.support.annotation.RequiresFeature">
      <val name="name" val="&quot;SERVICE_WORKER_BLOCK_NETWORK_LOADS&quot;" />
      <val name="enforcement" val="&quot;androidx.webkit.WebViewFeature#isFeatureSupported&quot;" />
    </annotation>
  </item>
  <item name="androidx.webkit.ServiceWorkerWebSettingsCompat int getCacheMode()">
    <annotation name="android.support.annotation.RequiresFeature">
      <val name="name" val="&quot;SERVICE_WORKER_CACHE_MODE&quot;" />
      <val name="enforcement" val="&quot;androidx.webkit.WebViewFeature#isFeatureSupported&quot;" />
    </annotation>
    <annotation name="android.support.annotation.IntDef">
      <val name="value" val="{android.webkit.WebSettings.LOAD_DEFAULT, android.webkit.WebSettings.LOAD_CACHE_ELSE_NETWORK, android.webkit.WebSettings.LOAD_NO_CACHE, android.webkit.WebSettings.LOAD_CACHE_ONLY}" />
    </annotation>
  </item>
  <item name="androidx.webkit.ServiceWorkerWebSettingsCompat void setAllowContentAccess(boolean)">
    <annotation name="android.support.annotation.RequiresFeature">
      <val name="name" val="&quot;SERVICE_WORKER_CONTENT_ACCESS&quot;" />
      <val name="enforcement" val="&quot;androidx.webkit.WebViewFeature#isFeatureSupported&quot;" />
    </annotation>
  </item>
  <item name="androidx.webkit.ServiceWorkerWebSettingsCompat void setAllowFileAccess(boolean)">
    <annotation name="android.support.annotation.RequiresFeature">
      <val name="name" val="&quot;SERVICE_WORKER_FILE_ACCESS&quot;" />
      <val name="enforcement" val="&quot;androidx.webkit.WebViewFeature#isFeatureSupported&quot;" />
    </annotation>
  </item>
  <item name="androidx.webkit.ServiceWorkerWebSettingsCompat void setBlockNetworkLoads(boolean)">
    <annotation name="android.support.annotation.RequiresFeature">
      <val name="name" val="&quot;SERVICE_WORKER_BLOCK_NETWORK_LOADS&quot;" />
      <val name="enforcement" val="&quot;androidx.webkit.WebViewFeature#isFeatureSupported&quot;" />
    </annotation>
  </item>
  <item name="androidx.webkit.ServiceWorkerWebSettingsCompat void setCacheMode(int)">
    <annotation name="android.support.annotation.RequiresFeature">
      <val name="name" val="&quot;SERVICE_WORKER_CACHE_MODE&quot;" />
      <val name="enforcement" val="&quot;androidx.webkit.WebViewFeature#isFeatureSupported&quot;" />
    </annotation>
  </item>
  <item name="androidx.webkit.ServiceWorkerWebSettingsCompat void setCacheMode(int) 0">
    <annotation name="android.support.annotation.IntDef">
      <val name="value" val="{android.webkit.WebSettings.LOAD_DEFAULT, android.webkit.WebSettings.LOAD_CACHE_ELSE_NETWORK, android.webkit.WebSettings.LOAD_NO_CACHE, android.webkit.WebSettings.LOAD_CACHE_ONLY}" />
    </annotation>
  </item>
  <item name="androidx.webkit.ServiceWorkerWebSettingsCompat.CacheMode">
    <annotation name="android.support.annotation.IntDef">
      <val name="value" val="{android.webkit.WebSettings.LOAD_DEFAULT, android.webkit.WebSettings.LOAD_CACHE_ELSE_NETWORK, android.webkit.WebSettings.LOAD_NO_CACHE, android.webkit.WebSettings.LOAD_CACHE_ONLY}" />
    </annotation>
  </item>
  <item name="androidx.webkit.WebMessagePortCompat void close()">
    <annotation name="android.support.annotation.RequiresFeature">
      <val name="name" val="&quot;WEB_MESSAGE_PORT_CLOSE&quot;" />
      <val name="enforcement" val="&quot;androidx.webkit.WebViewFeature#isFeatureSupported&quot;" />
    </annotation>
  </item>
  <item name="androidx.webkit.WebMessagePortCompat void postMessage(androidx.webkit.WebMessageCompat)">
    <annotation name="android.support.annotation.RequiresFeature">
      <val name="name" val="&quot;WEB_MESSAGE_PORT_POST_MESSAGE&quot;" />
      <val name="enforcement" val="&quot;androidx.webkit.WebViewFeature#isFeatureSupported&quot;" />
    </annotation>
  </item>
  <item name="androidx.webkit.WebMessagePortCompat void setWebMessageCallback(android.os.Handler, androidx.webkit.WebMessagePortCompat.WebMessageCallbackCompat)">
    <annotation name="android.support.annotation.RequiresFeature">
      <val name="name" val="&quot;WEB_MESSAGE_PORT_SET_MESSAGE_CALLBACK&quot;" />
      <val name="enforcement" val="&quot;androidx.webkit.WebViewFeature#isFeatureSupported&quot;" />
    </annotation>
  </item>
  <item name="androidx.webkit.WebMessagePortCompat void setWebMessageCallback(androidx.webkit.WebMessagePortCompat.WebMessageCallbackCompat)">
    <annotation name="android.support.annotation.RequiresFeature">
      <val name="name" val="&quot;WEB_MESSAGE_PORT_SET_MESSAGE_CALLBACK&quot;" />
      <val name="enforcement" val="&quot;androidx.webkit.WebViewFeature#isFeatureSupported&quot;" />
    </annotation>
  </item>
  <item name="androidx.webkit.WebResourceErrorCompat int getErrorCode()">
    <annotation name="android.support.annotation.RequiresFeature">
      <val name="name" val="&quot;WEB_RESOURCE_ERROR_GET_CODE&quot;" />
      <val name="enforcement" val="&quot;androidx.webkit.WebViewFeature#isFeatureSupported&quot;" />
    </annotation>
    <annotation name="android.support.annotation.IntDef">
      <val name="value" val="{android.webkit.WebViewClient.ERROR_UNKNOWN, android.webkit.WebViewClient.ERROR_HOST_LOOKUP, android.webkit.WebViewClient.ERROR_UNSUPPORTED_AUTH_SCHEME, android.webkit.WebViewClient.ERROR_AUTHENTICATION, android.webkit.WebViewClient.ERROR_PROXY_AUTHENTICATION, android.webkit.WebViewClient.ERROR_CONNECT, android.webkit.WebViewClient.ERROR_IO, android.webkit.WebViewClient.ERROR_TIMEOUT, android.webkit.WebViewClient.ERROR_REDIRECT_LOOP, android.webkit.WebViewClient.ERROR_UNSUPPORTED_SCHEME, android.webkit.WebViewClient.ERROR_FAILED_SSL_HANDSHAKE, android.webkit.WebViewClient.ERROR_BAD_URL, android.webkit.WebViewClient.ERROR_FILE, android.webkit.WebViewClient.ERROR_FILE_NOT_FOUND, android.webkit.WebViewClient.ERROR_TOO_MANY_REQUESTS, android.webkit.WebViewClient.ERROR_UNSAFE_RESOURCE}" />
    </annotation>
  </item>
  <item name="androidx.webkit.WebResourceErrorCompat java.lang.CharSequence getDescription()">
    <annotation name="android.support.annotation.RequiresFeature">
      <val name="name" val="&quot;WEB_RESOURCE_ERROR_GET_DESCRIPTION&quot;" />
      <val name="enforcement" val="&quot;androidx.webkit.WebViewFeature#isFeatureSupported&quot;" />
    </annotation>
  </item>
  <item name="androidx.webkit.WebResourceErrorCompat.NetErrorCode">
    <annotation name="android.support.annotation.IntDef">
      <val name="value" val="{android.webkit.WebViewClient.ERROR_UNKNOWN, android.webkit.WebViewClient.ERROR_HOST_LOOKUP, android.webkit.WebViewClient.ERROR_UNSUPPORTED_AUTH_SCHEME, android.webkit.WebViewClient.ERROR_AUTHENTICATION, android.webkit.WebViewClient.ERROR_PROXY_AUTHENTICATION, android.webkit.WebViewClient.ERROR_CONNECT, android.webkit.WebViewClient.ERROR_IO, android.webkit.WebViewClient.ERROR_TIMEOUT, android.webkit.WebViewClient.ERROR_REDIRECT_LOOP, android.webkit.WebViewClient.ERROR_UNSUPPORTED_SCHEME, android.webkit.WebViewClient.ERROR_FAILED_SSL_HANDSHAKE, android.webkit.WebViewClient.ERROR_BAD_URL, android.webkit.WebViewClient.ERROR_FILE, android.webkit.WebViewClient.ERROR_FILE_NOT_FOUND, android.webkit.WebViewClient.ERROR_TOO_MANY_REQUESTS, android.webkit.WebViewClient.ERROR_UNSAFE_RESOURCE}" />
    </annotation>
  </item>
  <item name="androidx.webkit.WebResourceRequestCompat boolean isRedirect(android.webkit.WebResourceRequest)">
    <annotation name="android.support.annotation.RequiresFeature">
      <val name="name" val="&quot;WEB_RESOURCE_REQUEST_IS_REDIRECT&quot;" />
      <val name="enforcement" val="&quot;androidx.webkit.WebViewFeature#isFeatureSupported&quot;" />
    </annotation>
  </item>
  <item name="androidx.webkit.WebSettingsCompat boolean getOffscreenPreRaster(android.webkit.WebSettings)">
    <annotation name="android.support.annotation.RequiresFeature">
      <val name="name" val="&quot;OFF_SCREEN_PRERASTER&quot;" />
      <val name="enforcement" val="&quot;androidx.webkit.WebViewFeature#isFeatureSupported&quot;" />
    </annotation>
  </item>
  <item name="androidx.webkit.WebSettingsCompat boolean getSafeBrowsingEnabled(android.webkit.WebSettings)">
    <annotation name="android.support.annotation.RequiresFeature">
      <val name="name" val="&quot;SAFE_BROWSING_ENABLE&quot;" />
      <val name="enforcement" val="&quot;androidx.webkit.WebViewFeature#isFeatureSupported&quot;" />
    </annotation>
  </item>
  <item name="androidx.webkit.WebSettingsCompat int getDisabledActionModeMenuItems(android.webkit.WebSettings)">
    <annotation name="android.support.annotation.RequiresFeature">
      <val name="name" val="&quot;DISABLED_ACTION_MODE_MENU_ITEMS&quot;" />
      <val name="enforcement" val="&quot;androidx.webkit.WebViewFeature#isFeatureSupported&quot;" />
    </annotation>
    <annotation name="android.support.annotation.IntDef">
      <val name="flag" val="true" />
      <val name="value" val="{android.webkit.WebSettings.MENU_ITEM_NONE, android.webkit.WebSettings.MENU_ITEM_SHARE, android.webkit.WebSettings.MENU_ITEM_WEB_SEARCH, android.webkit.WebSettings.MENU_ITEM_PROCESS_TEXT}" />
    </annotation>
  </item>
  <item name="androidx.webkit.WebSettingsCompat void setDisabledActionModeMenuItems(android.webkit.WebSettings, int)">
    <annotation name="android.support.annotation.RequiresFeature">
      <val name="name" val="&quot;DISABLED_ACTION_MODE_MENU_ITEMS&quot;" />
      <val name="enforcement" val="&quot;androidx.webkit.WebViewFeature#isFeatureSupported&quot;" />
    </annotation>
  </item>
  <item name="androidx.webkit.WebSettingsCompat void setDisabledActionModeMenuItems(android.webkit.WebSettings, int) 1">
    <annotation name="android.support.annotation.IntDef">
      <val name="flag" val="true" />
      <val name="value" val="{android.webkit.WebSettings.MENU_ITEM_NONE, android.webkit.WebSettings.MENU_ITEM_SHARE, android.webkit.WebSettings.MENU_ITEM_WEB_SEARCH, android.webkit.WebSettings.MENU_ITEM_PROCESS_TEXT}" />
    </annotation>
  </item>
  <item name="androidx.webkit.WebSettingsCompat void setOffscreenPreRaster(android.webkit.WebSettings, boolean)">
    <annotation name="android.support.annotation.RequiresFeature">
      <val name="name" val="&quot;OFF_SCREEN_PRERASTER&quot;" />
      <val name="enforcement" val="&quot;androidx.webkit.WebViewFeature#isFeatureSupported&quot;" />
    </annotation>
  </item>
  <item name="androidx.webkit.WebSettingsCompat void setSafeBrowsingEnabled(android.webkit.WebSettings, boolean)">
    <annotation name="android.support.annotation.RequiresFeature">
      <val name="name" val="&quot;SAFE_BROWSING_ENABLE&quot;" />
      <val name="enforcement" val="&quot;androidx.webkit.WebViewFeature#isFeatureSupported&quot;" />
    </annotation>
  </item>
  <item name="androidx.webkit.WebSettingsCompat.MenuItemFlags">
    <annotation name="android.support.annotation.IntDef">
      <val name="flag" val="true" />
      <val name="value" val="{android.webkit.WebSettings.MENU_ITEM_NONE, android.webkit.WebSettings.MENU_ITEM_SHARE, android.webkit.WebSettings.MENU_ITEM_WEB_SEARCH, android.webkit.WebSettings.MENU_ITEM_PROCESS_TEXT}" />
    </annotation>
  </item>
  <item name="androidx.webkit.WebViewClientCompat void onSafeBrowsingHit(android.webkit.WebView, android.webkit.WebResourceRequest, int, android.webkit.SafeBrowsingResponse) 2">
    <annotation name="android.support.annotation.IntDef">
      <val name="value" val="{android.webkit.WebViewClient.SAFE_BROWSING_THREAT_UNKNOWN, android.webkit.WebViewClient.SAFE_BROWSING_THREAT_MALWARE, android.webkit.WebViewClient.SAFE_BROWSING_THREAT_PHISHING, android.webkit.WebViewClient.SAFE_BROWSING_THREAT_UNWANTED_SOFTWARE}" />
    </annotation>
  </item>
  <item name="androidx.webkit.WebViewClientCompat void onSafeBrowsingHit(android.webkit.WebView, android.webkit.WebResourceRequest, int, androidx.webkit.SafeBrowsingResponseCompat) 2">
    <annotation name="android.support.annotation.IntDef">
      <val name="value" val="{android.webkit.WebViewClient.SAFE_BROWSING_THREAT_UNKNOWN, android.webkit.WebViewClient.SAFE_BROWSING_THREAT_MALWARE, android.webkit.WebViewClient.SAFE_BROWSING_THREAT_PHISHING, android.webkit.WebViewClient.SAFE_BROWSING_THREAT_UNWANTED_SOFTWARE}" />
    </annotation>
  </item>
  <item name="androidx.webkit.WebViewClientCompat void onSafeBrowsingHit(android.webkit.WebView, android.webkit.WebResourceRequest, int, java.lang.reflect.InvocationHandler) 2">
    <annotation name="android.support.annotation.IntDef">
      <val name="value" val="{android.webkit.WebViewClient.SAFE_BROWSING_THREAT_UNKNOWN, android.webkit.WebViewClient.SAFE_BROWSING_THREAT_MALWARE, android.webkit.WebViewClient.SAFE_BROWSING_THREAT_PHISHING, android.webkit.WebViewClient.SAFE_BROWSING_THREAT_UNWANTED_SOFTWARE}" />
    </annotation>
  </item>
  <item name="androidx.webkit.WebViewClientCompat.SafeBrowsingThreat">
    <annotation name="android.support.annotation.IntDef">
      <val name="value" val="{android.webkit.WebViewClient.SAFE_BROWSING_THREAT_UNKNOWN, android.webkit.WebViewClient.SAFE_BROWSING_THREAT_MALWARE, android.webkit.WebViewClient.SAFE_BROWSING_THREAT_PHISHING, android.webkit.WebViewClient.SAFE_BROWSING_THREAT_UNWANTED_SOFTWARE}" />
    </annotation>
  </item>
  <item name="androidx.webkit.WebViewCompat android.net.Uri getSafeBrowsingPrivacyPolicyUrl()">
    <annotation name="android.support.annotation.RequiresFeature">
      <val name="name" val="&quot;SAFE_BROWSING_PRIVACY_POLICY_URL&quot;" />
      <val name="enforcement" val="&quot;androidx.webkit.WebViewFeature#isFeatureSupported&quot;" />
    </annotation>
  </item>
  <item name="androidx.webkit.WebViewCompat androidx.webkit.WebMessagePortCompat[] createWebMessageChannel(android.webkit.WebView)">
    <annotation name="android.support.annotation.RequiresFeature">
      <val name="name" val="&quot;CREATE_WEB_MESSAGE_CHANNEL&quot;" />
      <val name="enforcement" val="&quot;androidx.webkit.WebViewFeature#isFeatureSupported&quot;" />
    </annotation>
  </item>
  <item name="androidx.webkit.WebViewCompat void postVisualStateCallback(android.webkit.WebView, long, androidx.webkit.WebViewCompat.VisualStateCallback)">
    <annotation name="android.support.annotation.RequiresFeature">
      <val name="name" val="&quot;VISUAL_STATE_CALLBACK&quot;" />
      <val name="enforcement" val="&quot;androidx.webkit.WebViewFeature#isFeatureSupported&quot;" />
    </annotation>
  </item>
  <item name="androidx.webkit.WebViewCompat void postWebMessage(android.webkit.WebView, androidx.webkit.WebMessageCompat, android.net.Uri)">
    <annotation name="android.support.annotation.RequiresFeature">
      <val name="name" val="&quot;POST_WEB_MESSAGE&quot;" />
      <val name="enforcement" val="&quot;androidx.webkit.WebViewFeature#isFeatureSupported&quot;" />
    </annotation>
  </item>
  <item name="androidx.webkit.WebViewCompat void setSafeBrowsingWhitelist(java.util.List&lt;java.lang.String&gt;, android.webkit.ValueCallback&lt;java.lang.Boolean&gt;)">
    <annotation name="android.support.annotation.RequiresFeature">
      <val name="name" val="&quot;SAFE_BROWSING_WHITELIST&quot;" />
      <val name="enforcement" val="&quot;androidx.webkit.WebViewFeature#isFeatureSupported&quot;" />
    </annotation>
  </item>
  <item name="androidx.webkit.WebViewCompat void startSafeBrowsing(android.content.Context, android.webkit.ValueCallback&lt;java.lang.Boolean&gt;)">
    <annotation name="android.support.annotation.RequiresFeature">
      <val name="name" val="&quot;START_SAFE_BROWSING&quot;" />
      <val name="enforcement" val="&quot;androidx.webkit.WebViewFeature#isFeatureSupported&quot;" />
    </annotation>
  </item>
  <item name="androidx.webkit.WebViewFeature boolean isFeatureSupported(java.lang.String) 0">
    <annotation name="android.support.annotation.StringDef">
      <val name="value" val="{androidx.webkit.WebViewFeature.VISUAL_STATE_CALLBACK, androidx.webkit.WebViewFeature.OFF_SCREEN_PRERASTER, androidx.webkit.WebViewFeature.SAFE_BROWSING_ENABLE, androidx.webkit.WebViewFeature.DISABLED_ACTION_MODE_MENU_ITEMS, androidx.webkit.WebViewFeature.START_SAFE_BROWSING, androidx.webkit.WebViewFeature.SAFE_BROWSING_WHITELIST, androidx.webkit.WebViewFeature.SAFE_BROWSING_PRIVACY_POLICY_URL, androidx.webkit.WebViewFeature.SERVICE_WORKER_BASIC_USAGE, androidx.webkit.WebViewFeature.SERVICE_WORKER_CACHE_MODE, androidx.webkit.WebViewFeature.SERVICE_WORKER_CONTENT_ACCESS, androidx.webkit.WebViewFeature.SERVICE_WORKER_FILE_ACCESS, androidx.webkit.WebViewFeature.SERVICE_WORKER_BLOCK_NETWORK_LOADS, androidx.webkit.WebViewFeature.SERVICE_WORKER_SHOULD_INTERCEPT_REQUEST, androidx.webkit.WebViewFeature.RECEIVE_WEB_RESOURCE_ERROR, androidx.webkit.WebViewFeature.RECEIVE_HTTP_ERROR, androidx.webkit.WebViewFeature.SHOULD_OVERRIDE_WITH_REDIRECTS, androidx.webkit.WebViewFeature.SAFE_BROWSING_HIT, androidx.webkit.WebViewFeature.WEB_RESOURCE_REQUEST_IS_REDIRECT, androidx.webkit.WebViewFeature.WEB_RESOURCE_ERROR_GET_DESCRIPTION, androidx.webkit.WebViewFeature.WEB_RESOURCE_ERROR_GET_CODE, androidx.webkit.WebViewFeature.SAFE_BROWSING_RESPONSE_BACK_TO_SAFETY, androidx.webkit.WebViewFeature.SAFE_BROWSING_RESPONSE_PROCEED, androidx.webkit.WebViewFeature.SAFE_BROWSING_RESPONSE_SHOW_INTERSTITIAL, androidx.webkit.WebViewFeature.WEB_MESSAGE_PORT_POST_MESSAGE, androidx.webkit.WebViewFeature.WEB_MESSAGE_PORT_CLOSE, androidx.webkit.WebViewFeature.WEB_MESSAGE_PORT_SET_MESSAGE_CALLBACK, androidx.webkit.WebViewFeature.CREATE_WEB_MESSAGE_CHANNEL, androidx.webkit.WebViewFeature.POST_WEB_MESSAGE, androidx.webkit.WebViewFeature.WEB_MESSAGE_CALLBACK_ON_MESSAGE}" />
    </annotation>
  </item>
  <item name="androidx.webkit.WebViewFeature.WebViewSupportFeature">
    <annotation name="android.support.annotation.StringDef">
      <val name="value" val="{androidx.webkit.WebViewFeature.VISUAL_STATE_CALLBACK, androidx.webkit.WebViewFeature.OFF_SCREEN_PRERASTER, androidx.webkit.WebViewFeature.SAFE_BROWSING_ENABLE, androidx.webkit.WebViewFeature.DISABLED_ACTION_MODE_MENU_ITEMS, androidx.webkit.WebViewFeature.START_SAFE_BROWSING, androidx.webkit.WebViewFeature.SAFE_BROWSING_WHITELIST, androidx.webkit.WebViewFeature.SAFE_BROWSING_PRIVACY_POLICY_URL, androidx.webkit.WebViewFeature.SERVICE_WORKER_BASIC_USAGE, androidx.webkit.WebViewFeature.SERVICE_WORKER_CACHE_MODE, androidx.webkit.WebViewFeature.SERVICE_WORKER_CONTENT_ACCESS, androidx.webkit.WebViewFeature.SERVICE_WORKER_FILE_ACCESS, androidx.webkit.WebViewFeature.SERVICE_WORKER_BLOCK_NETWORK_LOADS, androidx.webkit.WebViewFeature.SERVICE_WORKER_SHOULD_INTERCEPT_REQUEST, androidx.webkit.WebViewFeature.RECEIVE_WEB_RESOURCE_ERROR, androidx.webkit.WebViewFeature.RECEIVE_HTTP_ERROR, androidx.webkit.WebViewFeature.SHOULD_OVERRIDE_WITH_REDIRECTS, androidx.webkit.WebViewFeature.SAFE_BROWSING_HIT, androidx.webkit.WebViewFeature.WEB_RESOURCE_REQUEST_IS_REDIRECT, androidx.webkit.WebViewFeature.WEB_RESOURCE_ERROR_GET_DESCRIPTION, androidx.webkit.WebViewFeature.WEB_RESOURCE_ERROR_GET_CODE, androidx.webkit.WebViewFeature.SAFE_BROWSING_RESPONSE_BACK_TO_SAFETY, androidx.webkit.WebViewFeature.SAFE_BROWSING_RESPONSE_PROCEED, androidx.webkit.WebViewFeature.SAFE_BROWSING_RESPONSE_SHOW_INTERSTITIAL, androidx.webkit.WebViewFeature.WEB_MESSAGE_PORT_POST_MESSAGE, androidx.webkit.WebViewFeature.WEB_MESSAGE_PORT_CLOSE, androidx.webkit.WebViewFeature.WEB_MESSAGE_PORT_SET_MESSAGE_CALLBACK, androidx.webkit.WebViewFeature.CREATE_WEB_MESSAGE_CHANNEL, androidx.webkit.WebViewFeature.POST_WEB_MESSAGE, androidx.webkit.WebViewFeature.WEB_MESSAGE_CALLBACK_ON_MESSAGE}" />
    </annotation>
  </item>
</root>

